{
  "right_elbow": [
    145.72256946889996,
    143.15568224756905,
    135.9512483101137,
    136.2494124651814,
    136.19241389880554,
    132.5987950777488,
    132.71887746929983,
    132.41666443795845,
    131.62130235589024,
    134.71559881256564,
    129.53289840975725,
    131.40745795029613,
    130.23769287734189,
    133.08255646399584,
    135.04206737557197,
    134.71719982840042,
    135.19833368351257,
    130.37938292143346,
    131.4876309988274,
    129.6106882376042,
    127.31037359611665,
    126.68400424478543,
    121.25506042027743,
    121.17925188785281,
    118.41504841927619,
    117.91622366810375,
    118.81624058108144,
    115.86848027425724,
    114.0589553356757,
    113.31557115312138,
    112.71298681399804,
    108.6008627776307,
    107.06580025893426,
    106.41814681641691,
    106.06231098741128,
    105.69153078099089,
    98.86454583516124,
    94.55169772682756,
    85.82175924504868,
    82.9054506584443,
    80.32779110518948,
    76.98460757201572,
    75.08725876077783,
    79.84125380030956,
    79.88673866466789,
    79.9183384819993,
    80.29482136172003,
    79.58320133208633,
    81.43427098862992,
    78.1321737488814,
    75.95094903185691,
    64.57760080462548,
    60.81137093189033,
    58.444936346086415,
    56.49818686977129,
    55.69148986354183,
    58.14643907926988,
    58.76898991384386,
    51.34779570045739,
    53.314894464464246,
    58.075273712447455,
    62.80650765434799,
    80.09792917844845,
    87.44933975086546,
    89.03982543340071,
    90.13111139473864,
    92.14843269944618,
    100.5677789463708
  ],
  "left_elbow": [
    164.81881127846148,
    161.27936404060455,
    164.4958108746572,
    163.15491815769775,
    163.16252736143537,
    159.56337334897833,
    160.27019947297663,
    160.4550970780463,
    163.210781669998,
    157.9922368178153,
    164.78248186609335,
    161.3525214284165,
    158.93809595464433,
    159.4174060050216,
    160.42827440783194,
    161.96858852445314,
    161.11071339467028,
    160.36173083314966,
    163.80715047184896,
    157.99355677700385,
    145.4095182315529,
    155.54328369789587,
    135.66423950752534,
    140.04114571297387,
    137.73435287861153,
    136.6245621250718,
    135.91849092028693,
    131.03887821393218,
    141.46100572877648,
    143.65254178482067,
    141.12582816212247,
    138.24314034214026,
    140.55961645936122,
    141.39394168513277,
    143.084607163489,
    120.36066533365398,
    73.89300683053142,
    71.8981624241297,
    73.83295597902313,
    65.34068032029123,
    102.70647409112924,
    84.83593853658897,
    72.48347077755953,
    82.71239161941958,
    83.03109004539334,
    83.42469010698592,
    92.18611242694989,
    88.19350913258394,
    94.05205273308391,
    99.49104410838986,
    132.1651840233778,
    72.01925509328927,
    50.61365229767749,
    57.625607202920065,
    56.08924748108285,
    54.960498317588794,
    55.44391362470594,
    31.755233444175015,
    40.514528654773535,
    49.33148640692415,
    52.66308960387601,
    64.51974858996917,
    61.07950481075922,
    67.48901876716306,
    31.754435120029328,
    80.68486744082655,
    19.89675349977157,
    167.3598727321
  ],
  "right_knee": [
    157.337601870135,
    156.5656074037371,
    151.97495268151326,
    152.22650230010802,
    152.07357928779498,
    143.9807686034702,
    143.75586972972837,
    144.67680133878048,
    145.4482583383382,
    138.98658348874037,
    136.74317885440155,
    128.699473029838,
    124.31948413046831,
    120.11675739964798,
    113.76382201872353,
    109.80306649086083,
    110.00924536895776,
    107.6065042086462,
    115.9214154432814,
    116.98374924206502,
    131.81711849814906,
    110.59599954241726,
    106.62950121740849,
    121.73896997546618,
    152.4144005820438,
    149.74476330272805,
    134.70017086041915,
    141.21385798033515,
    119.0983195332013,
    126.11175947669538,
    150.08194135304745,
    161.04364448517794,
    160.14840708088713,
    154.83173766511294,
    154.92456412557047,
    134.12737253372168,
    123.14863359591176,
    118.68492524906245,
    117.51193255715397,
    118.67394704627789,
    115.67003818237436,
    113.30947007277113,
    110.08017496150505,
    114.96367177030575,
    114.79311881629047,
    115.36682253832781,
    115.09025890518097,
    114.321528086864,
    114.33485357213985,
    108.76243882433319,
    107.01200290700714,
    105.79837576214304,
    105.81460322600178,
    103.65930298802077,
    103.03033986228006,
    102.61101106639906,
    102.30382680428117,
    104.61616046407141,
    105.37054114833538,
    107.44749420205952,
    113.24727000817028,
    115.77980510895594,
    117.09110772263311,
    120.73114786394102,
    125.67473207647349,
    130.04044150214466,
    130.3222641645241,
    135.11683285903308
  ],
  "left_knee": [
    177.01868361005495,
    173.42405674895497,
    166.55243561703136,
    162.9991325019913,
    165.51023740096198,
    157.10856726111734,
    158.87503147185356,
    159.43817015376098,
    161.5700582324007,
    156.65023634831718,
    153.2632122660504,
    133.56967450594925,
    151.65085934813519,
    139.12930833798904,
    129.87193544434362,
    141.56411939967145,
    142.17722115260713,
    137.0731691590694,
    141.62266659390565,
    150.03327681397025,
    133.32928230695418,
    159.4254695047794,
    141.1025962362772,
    153.11328389952604,
    138.90897032680087,
    138.13410324880422,
    142.6936902732929,
    137.66087995022525,
    151.14920983210493,
    177.45632343990314,
    145.74300444748368,
    143.7961744597112,
    135.16842909203552,
    138.97379422502914,
    139.79633008520966,
    167.31782676814635,
    172.36332995567963,
    157.79035738250684,
    159.51051512180817,
    152.95533759951977,
    152.0934617815256,
    153.98993014086685,
    147.22434411730563,
    147.7113952593656,
    147.2633577935296,
    147.52917139010336,
    147.30549352188424,
    148.86359204786476,
    143.46207500411748,
    143.77867982203387,
    144.100607421596,
    137.0877369216941,
    131.92374651847183,
    131.05709437359533,
    128.9320194980936,
    128.67891557001383,
    128.92367772027174,
    129.06360811580086,
    131.41538947458446,
    131.66372521300863,
    133.51213246957172,
    134.91270329664877,
    135.49084243415774,
    139.03313399449686,
    144.07398073269454,
    145.96416514048076,
    148.67204528272222,
    154.1023364871626
  ]
}