{
  "right_elbow": [
    163.9131727495863,
    161.37711695782335,
    158.1602347487388,
    153.34066853985794,
    134.89457860825917,
    137.3061619101076,
    127.10280510303947,
    122.56480347248122,
    113.39095001545097,
    117.0170353748142,
    106.44355322863275,
    113.73246091265636,
    108.62061278804832,
    107.74997286254842,
    102.67782741294941,
    102.64215232759686,
    100.72576726748133,
    99.6610725012317,
    93.85760619785106,
    90.16038247915445,
    94.52022326285393,
    92.57158164551555,
    86.2738980480259,
    84.14016670004143,
    86.25845795919814,
    84.13023055613893,
    79.86276224878769,
    89.07157056170487,
    99.91993265200615,
    93.35874157516469,
    91.76842828698258,
    99.30385656573905,
    91.60158354148966,
    87.15122463432925,
    97.16815090488772,
    87.82942919998722,
    82.14753021978443,
    79.80607791764942,
    103.12380955899452,
    93.92271289038248,
    79.45592410955696,
    80.19019933190889,
    82.0625939141706,
    90.1263042336604,
    87.8770513844052,
    88.08973538796172,
    87.94673713765205,
    110.44342888784699,
    112.20569266227771,
    106.93402239939701,
    113.04858067729518,
    124.42418979653387,
    127.16340142253065,
    73.11320887870956,
    149.77052917385458,
    135.1826804443696,
    153.74632350091912,
    128.12156953975867,
    96.1401607428979,
    99.96636527554794,
    130.59552583159658,
    172.8292567328678,
    133.3736912645953,
    158.81517182951305,
    153.6964851414024,
    127.7357628999879,
    121.3407580981893,
    141.3854715988348,
    177.55798230667378,
    94.44883287825199,
    137.97591392048977,
    129.21677193194907,
    105.02775569049265,
    119.28228586784174,
    126.1236565081517,
    125.35046621909747,
    124.15356586163215,
    127.63172422009964,
    123.61047957697433,
    126.93186264682615,
    133.18014845316014
  ],
  "left_elbow": [
    152.2977065563431,
    146.54746859438575,
    164.55250487955644,
    158.39870938488198,
    136.76621082223335,
    148.1492588027152,
    140.48521847609769,
    141.1446914249137,
    129.0019897270305,
    142.2161479338627,
    137.5025499070284,
    124.74537762923791,
    127.40609135622536,
    106.64287528202296,
    103.65104906145172,
    108.55215043910384,
    131.82519890413562,
    137.20115240498487,
    125.72136603214155,
    140.51014714485112,
    120.35118491167299,
    111.77301712607463,
    24.266919472758165,
    20.409882873288453,
    1.6179345030180101,
    10.320989850292616,
    57.41383690504861,
    87.81065592164923,
    67.26459211965125,
    74.90421561234606,
    78.0646132483102,
    144.22972241466866,
    60.9208211021347,
    88.30229736620439,
    69.34182337543096,
    93.59139813154768,
    86.9784578735187,
    91.60452636613248,
    47.13803206706495,
    100.68860101209678,
    84.17561427333003,
    106.43351956390357,
    104.0957125507577,
    103.94498113262905,
    113.66701255111116,
    103.65963971247945,
    106.36383846196507,
    90.5274655269188,
    87.49449008015495,
    133.898293882344,
    118.14575515500954,
    117.40839665180374,
    157.74214343207794,
    162.66467033344196,
    169.58848543744722,
    178.19917627548705,
    165.32897843963204,
    157.64500982027297,
    164.10082453652333,
    167.09296917074118,
    164.49844934525382,
    0.6855618980496544,
    32.69760244212945,
    141.21481572753862,
    158.965958916177,
    127.86162147701911,
    64.26871628661536,
    39.812610550868825,
    138.19130188827714,
    82.84078742918904,
    117.64389403918757,
    95.30808580301652,
    141.9332090944614,
    135.61689949977264,
    170.37218207460893,
    170.94779184879076,
    90.61685182517049,
    138.76038873631168,
    112.21526951685023,
    173.40839004506776,
    177.0041166541131
  ],
  "right_knee": [
    136.1303677024383,
    110.48237974438368,
    129.879914731862,
    118.04419097881205,
    108.73125090852206,
    126.92545397199746,
    112.2372749086016,
    117.56356932646344,
    113.7285683504681,
    122.40771026473222,
    139.14557533874213,
    140.30448417463452,
    144.40579241319128,
    148.94408382917763,
    150.48828291675446,
    151.8525931287344,
    154.28438151189633,
    156.2601860780037,
    136.01999512574918,
    62.90274838934626,
    18.825595826815267,
    121.32247823706005,
    14.67464538980228,
    22.38642334908324,
    22.811746333082734,
    4.333038609605914,
    133.08571984846805,
    134.98907333591922,
    139.09239780779342,
    130.76796753529246,
    136.55579382737858,
    129.81331829275783,
    126.21055363077285,
    135.1029317039266,
    131.6756075488237,
    140.88073203759677,
    63.37472945715882,
    35.251749157375286,
    2.094778707548725,
    18.465566448377537,
    149.0850196576095,
    53.91548345388517,
    51.59756722752888,
    68.652568219259,
    164.02592220020261,
    145.63641931457582,
    162.33657142196313,
    32.84236530657611,
    103.14190758848473,
    169.12192959017423,
    179.4888465956005,
    179.06577447162957,
    32.75252583533551,
    68.20822671670379,
    56.878002328576656,
    149.22664221268283,
    28.1591830937515,
    87.34004425599595,
    168.74489599514672,
    117.05059700527437,
    159.88951369146895,
    95.79865226896051,
    120.0266945421108,
    4.782014163839397,
    26.166552742170417,
    126.30203944618923,
    156.87559752560455,
    169.121071676151,
    172.85382465818972,
    163.2057796972644,
    143.52150610288595,
    166.33858616495502,
    137.5862693545187,
    152.16982198999654,
    130.49644472351886,
    135.14562952287966,
    162.9044497122575,
    145.47179464352203,
    155.35385842266845,
    165.4139530973963,
    163.7041121899022
  ],
  "left_knee": [
    133.74396748132563,
    117.67218065739657,
    121.11717399504329,
    118.96433313602829,
    109.40672788821882,
    140.7753133372479,
    87.71309720937148,
    105.90621213963728,
    127.14516825303646,
    128.2273537844174,
    145.78341918869899,
    129.98601739976903,
    149.31523147332626,
    155.0726853751787,
    150.07359003461954,
    160.7204252070405,
    148.7208991198673,
    138.45668540681254,
    69.9070547184984,
    51.32478758702948,
    47.86465121120597,
    120.75790119598,
    61.74348134835411,
    42.739276332798404,
    49.55506094692801,
    50.294728388490554,
    150.04827563037776,
    151.46707571685582,
    147.24694964407786,
    137.53723396569745,
    137.77914121844228,
    125.92333339755534,
    136.73347066031738,
    142.4816283520675,
    154.16936582689237,
    139.46340454522579,
    113.51225383350527,
    39.54625620015847,
    0.6371962789982214,
    22.83650946199255,
    139.17581210720851,
    64.7596626768724,
    60.80530296866015,
    59.931417179721315,
    168.55126070742352,
    146.97196697133182,
    168.77466099758644,
    22.67292043257009,
    117.38935646833883,
    130.79748515265265,
    136.31561097083733,
    149.72475378117934,
    54.148852995206774,
    41.568578171161896,
    81.7704320754144,
    166.58381647988148,
    14.049838647515642,
    85.60316366667604,
    166.4473174888643,
    171.40709847770228,
    175.44508866166487,
    154.64532735130092,
    135.19278453022957,
    13.53284567851516,
    23.61123813342506,
    145.9044459816085,
    166.35176081862792,
    170.53767778658982,
    175.9263474848745,
    171.73156851560626,
    142.43112611599145,
    172.25854975508315,
    150.85470858301358,
    161.2870582055668,
    137.7889293055642,
    140.21507351217198,
    135.2148375072994,
    149.54969091660027,
    149.42793051025825,
    134.16088516434226,
    136.3382050846573
  ]
}