{
  "right_elbow": [
    148.23006257148748,
    150.12176176172773,
    138.06201217848476,
    140.63292795953228,
    139.74313029619574,
    133.5501832853867,
    135.8055068149844,
    143.2135905460895,
    148.96240441298096,
    143.63002914231075,
    141.19020313449548,
    150.07096372322155,
    142.32638403861282,
    132.9672545638083,
    133.55487244445112,
    134.05429111600228,
    126.96456933741781,
    132.15529278406444,
    134.7537949716283,
    135.7328038686762,
    126.7576794787969,
    128.22758184119112,
    136.2719190515138,
    134.68101708120386,
    142.7520489570403,
    141.22393983487325,
    139.93060648855993,
    121.5148049243505,
    135.20905017198388,
    142.43913940308667,
    153.20762876090387,
    144.52523080507086,
    163.1821811942872,
    118.30460111880153,
    133.11117379631608,
    124.01404715850853,
    94.73311650447971,
    129.4355828042584,
    96.71601304500686,
    98.36738839232135,
    134.54379481133947,
    111.20281864170802,
    102.19064863535426,
    95.06361685278762,
    98.09415672323716,
    79.81082415490853,
    69.79406159584235,
    72.92327605416575,
    74.67844641489312,
    79.74930831670684,
    39.92948934283359,
    65.60743484925094,
    72.12190855922377,
    32.90486674706191,
    9.650608320538028,
    20.420044534311092,
    32.06758851354225,
    37.967658502360315,
    33.91925304761022,
    37.73985763388841,
    24.574153604944193,
    34.21132050927697,
    30.64330259552186,
    35.829401367816104,
    38.64136738736998,
    35.26172465944828,
    43.68740837204534,
    47.19464416995877,
    45.870684675365354,
    55.70350603826061,
    63.49549313115519,
    64.3589114901197,
    63.02687539510497,
    72.20648761183426,
    77.90856177909761,
    83.76640016740481,
    98.95252799079553,
    100.02665502226341,
    114.64401788524096,
    135.26997256229149,
    140.03671909107743,
    155.72592393362038,
    160.45933984704425,
    175.08755516538014,
    175.26015073109681,
    175.17529760167582,
    177.14236507451395,
    179.36955501142415,
    168.81308564434653,
    176.2916710724699,
    170.07375448634954,
    174.60363797563917,
    172.13350058058762,
    157.92930646982248,
    160.65449341411104,
    179.1426925024339,
    147.39815826871836,
    172.04589481654745,
    135.6693127659102,
    151.96459933591206,
    68.86093609939877
  ],
  "left_elbow": [
    138.63130829666164,
    113.81141393778591,
    113.98487955600683,
    106.45149512956193,
    106.46891573098564,
    111.34598312980654,
    108.71585640311886,
    106.06189138210502,
    107.45776107939666,
    104.20592017180692,
    102.36982748137748,
    109.87765774136685,
    103.16222656414753,
    101.27176413143268,
    100.11031323374264,
    99.24611274540253,
    102.47172020019134,
    99.49039577672468,
    99.75998482901815,
    96.8847380872733,
    94.60477296146264,
    94.84587686677904,
    93.6246658588755,
    95.11921894252653,
    89.44935493444561,
    91.08891841977042,
    89.32862553179514,
    86.1412179482785,
    86.62696424945761,
    85.66730400809423,
    85.10157407362813,
    82.07780915309417,
    82.76307797416838,
    76.10876600967319,
    79.93800356370748,
    76.06034663742857,
    75.56268852875515,
    77.55959191050636,
    79.49896245840891,
    79.26175183487898,
    80.35760127780567,
    84.61437998305547,
    80.09437961864485,
    80.39007892012566,
    92.51162137334434,
    82.0103831733519,
    93.15396748350095,
    93.66206954175205,
    78.2306380258145,
    101.57787648850754,
    102.5135346123427,
    80.63923620166769,
    100.54605090148065,
    92.59089274109161,
    24.596006837739314,
    57.898552423460636,
    78.91651018152916,
    80.67472153983758,
    75.03672126290222,
    84.46092920288247,
    62.124489614774824,
    89.11270842431674,
    35.74110016147901,
    41.47264616491043,
    91.8517846393016,
    55.74351884857619,
    81.86989764616396,
    85.90085489078098,
    38.477539301617185,
    110.65891006247277,
    124.62270395270555,
    127.74019322614765,
    121.46734785279133,
    129.95738495132372,
    125.60278009247615,
    142.92207826412957,
    152.41544407381681,
    152.01877477366259,
    157.90715976057675,
    159.24730228059832,
    165.45289845790163,
    162.8129724849636,
    169.87511245451728,
    168.92651791786955,
    158.7161894490448,
    171.25908535525664,
    169.52768295297855,
    168.25072195099574,
    160.24094964938865,
    157.3851828025074,
    161.2413496495139,
    159.9050718093325,
    159.71993604360523,
    159.16783267723602,
    159.5485903888198,
    152.7172573767712,
    156.06862434145378,
    176.65541053132236,
    174.35753643166666,
    154.83679039288364,
    78.44565553384778
  ],
  "right_knee": [
    65.33677968163698,
    94.98544383385607,
    103.91702958249536,
    108.61807063781889,
    105.67701726777064,
    94.1866332200097,
    86.68296829334868,
    80.07226415382051,
    82.80885215409957,
    77.99736268255245,
    96.10118258203848,
    92.96254855953691,
    98.92177546737163,
    109.18858602256284,
    106.39289832816111,
    99.38808161654282,
    115.98365472478763,
    89.5902377132927,
    99.95245087724959,
    70.53155245275092,
    69.2277453182917,
    86.21331320360414,
    121.23680413523643,
    109.34688759232223,
    106.39393836409509,
    102.21349209968659,
    105.25232580005701,
    123.54236411832267,
    134.8709971755843,
    117.20532550170276,
    119.56617192158335,
    132.16301795058098,
    100.49549203957503,
    130.3642645024235,
    123.0619755944,
    110.62596790299104,
    133.11417253407657,
    128.94101227540514,
    133.3322053779782,
    129.90425403440057,
    127.50445537426725,
    134.32042230060307,
    142.60286694702563,
    130.17565494278742,
    148.84407417709605,
    139.2271027461066,
    151.73334196461275,
    152.0153585851078,
    139.6788568096977,
    157.03264627302352,
    152.1693102962443,
    161.16227848840674,
    160.44677892030933,
    153.70135970595152,
    157.3636771169852,
    138.81025809304077,
    145.8739237510149,
    103.07059562149543,
    152.89095893701204,
    168.911609298333,
    154.54607030798147,
    148.65117913549267,
    162.56288098618137,
    156.35911044848078,
    149.57327581876163,
    172.91732344691061,
    54.92173854152295,
    83.04460058840668,
    150.6945999656102,
    154.31196580753775,
    155.04865420033846,
    156.51040160222357,
    160.5926778950738,
    158.97299170854572,
    161.497558246135,
    160.7830186748081,
    164.49453152369912,
    164.9170437408066,
    168.7406970649802,
    166.94893364028513,
    169.97884380712304,
    166.4825554043467,
    168.2502138014393,
    170.7932047372253,
    171.73517380106452,
    166.51822928815832,
    167.87811133628668,
    166.66489365636156,
    165.24840149284393,
    164.88442355139512,
    173.56441160535252,
    163.74781164356475,
    166.49693357059186,
    167.0356992856477,
    162.22069970346922,
    162.78852599041312,
    173.6597346425825,
    153.39707357958045,
    155.90841827488399,
    179.2708193349421,
    172.99688236563176
  ],