{
  "right_elbow": [
    111.65769127551978,
    112.16784992287367,
    111.39255488408405,
    108.87128785726937,
    85.3135879893592,
    74.3943849285105,
    93.53774022549668,
    7.180535548475929,
    4.274228334342646,
    1.3146865570632198,
    97.79549468507035,
    114.66149330274197,
    73.18236663602757,
    60.436574837979684,
    74.8782934296919,
    101.55766357210032,
    80.9952208754329,
    90.32635192528768,
    85.7933314921681,
    86.68167072474812,
    87.66835270398485,
    86.90557260203725,
    87.4916677345072,
    81.35527873518787,
    81.63891889092592,
    85.56774209488526,
    86.29983717744658,
    89.85367082638074,
    89.96313408797656,
    93.00677633627276,
    94.55875844159598,
    102.68759258625131,
    100.94892850860215,
    102.2647737273377,
    102.05676253328456,
    101.46613296438653,
    101.40366700080287,
    113.46615727242167,
    113.46615727242167,
    114.07227373908229,
    114.07227373908229,
    115.42606548575564,
    121.3953337907316,
    130.63393250895658,
    133.8710651532581,
    146.33907490526232,
    155.5818691226666,
    161.24479595708917,
    169.38482853343217,
    170.4799781202735,
    171.27123887061754,
    171.625740957593,
    168.97632766955184,
    164.59747919875775,
    165.58590992160026,
    165.16452568772058,
    165.95494839385682,
    165.3090557129962,
    164.65772869667234,
    164.32732561402952,
    162.41935825567987,
    161.3121034538946,
    161.21097008432096,
    161.3121034538946,
    161.2935875927546,
    163.6389225367367,
    158.7899138216367,
    153.65704124941988,
    145.93324639901374,
    143.21551118078077,
    140.49301722413838,
    72.7206949122283,
    72.51254957062619,
    72.51254957062619,
    72.3024659872342
  ],
  "left_elbow": [
    155.0283163130648,
    154.24457972297688,
    153.09995382140286,
    137.083083640916,
    149.6615477330346,
    145.16599594547094,
    95.18110843735444,
    6.083052903999534,
    9.346109254672237,
    7.166640624496125,
    15.80622649817833,
    15.569500336921838,
    58.88189099609111,
    93.52637294632086,
    81.91086221639739,
    150.4501623676522,
    130.576355831866,
    142.3837170096179,
    136.37209164354354,
    135.50898735007144,
    134.93020328569037,
    135.61448683720835,
    135.6837578690813,
    88.1859425652968,
    86.0548137714622,
    116.28257632414099,
    126.23496587515756,
    117.72405623283333,
    107.4168953045774,
    118.00447573691531,
    132.65977331639425,
    143.3354885164537,
    142.42370401247607,
    147.9235535753877,
    148.0956494524247,
    148.12566009561243,
    148.12566009561243,
    153.54420509396704,
    153.55445203648586,
    153.55445203648586,
    153.55445203648586,
    153.93781156761395,
    154.35489968970813,
    159.33765474826342,
    158.5608955006232,
    158.73931391405438,
    161.15467843557556,
    160.4486052875469,
    172.5734463869539,
    173.56005224004616,
    170.4750897189122,
    172.32986814601017,
    166.29713884664733,
    161.5238410742192,
    159.43857111056866,
    160.02732021292007,
    162.47602913581164,
    160.3201609463949,
    160.2307780878346,
    159.73346383304624,
    162.49858176128967,
    161.90578326521748,
    161.9265033998932,
    162.07165463055196,
    164.48099560514763,
    160.31192871436377,
    159.69426552161116,
    161.49958944581547,
    158.51132200261443,
    157.78240572450449,
    156.57789444869917,
    146.59360203070253,
    142.89756633081618,
    142.89756633081618,
    143.075345218011
  ],
  "right_knee": [
    176.09751301625346,
    175.73460508835723,
    176.34682113814497,
    176.1383467127468,
    175.48858176082805,
    174.16225862573532,
    173.1071998976368,
    172.30941652203717,
    172.61824993965845,
    174.29292382558296,
    173.1219319446569,
    174.32414801662105,
    174.19813895063027,
    170.26758088134747,
    172.67139145940274,
    173.24454073993235,
    172.66876097180221,
    175.18974403795318,
    176.7799799610287,
    177.20834498000528,
    176.98129469285414,
    177.01108485966625,
    177.46440701168336,
    177.3440856573968,
    177.2054382676869,
    179.83056862449664,
    177.45571009006744,
    179.92599361009692,
    179.84602958408956,
    179.32318777824395,
    179.6153953857747,
    179.0675468361036,
    178.09883773489005,
    175.76155873373676,
    175.03904105036437,
    174.9433655925952,
    175.61280580865778,
    176.96038797653688,
    176.88895784133544,
    176.9215183630728,
    176.88895784133544,
    176.47341084958367,
    175.54622856671762,
    176.09863341653121,
    172.84530485497584,
    174.05633284981857,
    172.67410205722862,
    172.09111941721144,
    174.68197788150724,
    175.83067713083074,
    174.82796407716774,
    176.0914958576602,
    175.3598932120233,
    177.52206364188964,
    176.76226611025712,
    178.81313826999278,
    176.9011805208392,
    179.2144499655436,
    179.21011504769066,
    176.05880208358153,
    175.21460337294738,
    178.2819132842425,
    177.112296207047,
    177.99379222112086,
    178.6369637917735,
    176.30144513229166,
    174.0690997090728,
    173.09643273625386,
    172.0828986685525,
    174.41560991746343,
    175.03579676549586,
    172.59840599858578,
    174.60347689715604,
    174.60347689715604,
    174.228015950703
  ],
  "left_knee": [
    165.21142224608522,
    165.42184041291108,
    165.60241355918657,
    167.1411304436055,
    173.0971471350332,
    172.22881803368543,
    172.32346355880907,
    172.85157850213633,
    174.23990179650247,
    174.27624067888922,
    172.1585603326548,
    172.40176574515132,
    172.2328034252512,
    173.12441260863798,
    173.662649962937,
    175.78881886220574,
    176.9134459049722,
    177.8973129556147,
    177.24806189041226,
    178.1115590703573,
    178.59409020203626,
    178.1883287139611,
    178.1883287139611,
    177.314837994989,
    177.64670311003837,
    179.23235414633487,
    179.20154488781697,
    178.2171361497973,
    179.2562268983598,
    179.78415346775392,
    178.30252361325938,
    179.75116174886696,
    179.3324709016833,
    178.76802255690654,
    178.11374991543522,
    178.3230515179313,
    178.3230515179313,
    179.6186020012343,
    179.61966191443125,
    179.41058762440053,
    178.95837327481715,
    179.33482694344602,
    178.8230492616945,
    179.75088927264247,
    179.9887570873376,
    178.92836984959203,
    179.10578966363207,
    178.44202844360663,
    176.94239206871194,
    175.6318107126754,
    177.73934874334506,
    179.2642378623885,
    176.79928947422823,
    176.97406366386926,
    176.54581110173376,
    177.94954975785208,
    176.69446851484224,
    175.66558428174497,
    175.4699473292238,
    176.46279993209043,
    176.10358738801685,
    176.1425803393195,
    176.3036880880632,
    176.574206986776,
    177.34712229398065,
    176.39013886471233,
    176.97613934721005,
    176.35697546273087,
    173.56974466177994,
    174.77628250637173,
    160.58372088813647,
    162.63246834605494,
    157.61861193975597,
    157.37133657154325,
    157.25866702232048
  ]
}